email,name,college
saldahmani@uaeu.ac.ae,Saeed AlDhahmani,College of Business and Economics
kghoudi@uaeu.ac.ae,Kilani Ghoudi,College of Business and Economics
taoufikz@uaeu.ac.ae,Taoufik Zoubeidi,College of Business and Economics
hassan.selim@uaeu.ac.ae,Hassan M. Selim,College of Business and Economics
myusuf@uaeu.ac.ae,Mohamed Yusuf Hassan,College of Business and Economics
i.abdalla@uaeu.ac.ae,Ibrahim Abdalla,College of Business and Economics
alig@uaeu.ac.ae,Ali Gargoum,College of Business and Economics
chafikb@uaeu.ac.ae,Chafik Bouhaddiou,College of Business and Economics
ananth.chiravuri@uaeu.ac.ae,Ananth Chiravuri,College of Business and Economics
gurdal@uaeu.ac.ae,Gurdal Ertek,College of Business and Economics
okortbi@uaeu.ac.ae,Othmane Kortbi,College of Business and Economics
ssafi@uaeu.ac.ae,Samir K. H. Safi,College of Business and Economics
o.hujran@uaeu.ac.ae,Omar Hujran,College of Business and Economics
changlee@uaeu.ac.ae,Chang Heon Lee,College of Business and Economics
natalia.rojas@uaeu.ac.ae,Natalia Rojas Perilla,College of Business and Economics
zaar@uaeu.ac.ae,Zardad Khan,College of Business and Economics
kursad.a@uaeu.ac.ae,Kursad Asdemir,College of Business and Economics
jali@uaeu.ac.ae,Javaid Ali,College of Business and Economics
t_ganzoury@uaeu.ac.ae,Tarek El Ganzoury,College of Business and Economics
hanae@uaeu.ac.ae,Hanae Ouahhabi,College of Business and Economics
t_ennaji@uaeu.ac.ae,Mouna Ennaji,College of Business and Economics
h.alqahtani@uaeu.ac.ae,Haifa Al Qahtani,College of Business and Economics
g.benrhmach@uaeu.ac.ae,Ghassane Benrhach,College of Business and Economics
essamm@uaeu.ac.ae,Essam Eldin Moustafa,College of Business and Economics
tahrens@uaeu.ac.ae,Thomas Ahrens,College of Business and Economics
k.aljifri@uaeu.ac.ae,Khaled AlJifri,College of Business and Economics
ahatemi@uaeu.ac.ae,Abdulnasser Hatemi,College of Business and Economics
a.almaghaireh@uaeu.ac.ae,Aktham Issa  Al Maghyereh,College of Business and Economics
rnyamori@uaeu.ac.ae,Robert Nyamori,College of Business and Economics
poyelere@uaeu.ac.ae,Peter B. Oyelere,College of Business and Economics
mbfarooq@uaeu.ac.ae,Muhammad Bilal Farooq,College of Business and Economics
ahmed.elsayed@uaeu.ac.ae,Ahmed Elsayed,College of Business and Economics
telrazaz@uaeu.ac.ae,Tariq Elrazaz,College of Business and Economics
mohammed.umar@uaeu.ac.ae,Mohammed Abdullahi Umar,College of Business and Economics
moataz.elmassri@uaeu.ac.ae,Moataz Elmassri,College of Business and Economics
muhammad.naeem@uaeu.ac.ae,Muhammad Abubakr Naeem,College of Business and Economics
zboulanouar@uaeu.ac.ae,Zakaria Boulanouar,College of Business and Economics
natawnah@uaeu.ac.ae,Nader Atawnah,College of Business and Economics
n.mubeen@uaeu.ac.ae,Nida Mubeen,College of Business and Economics
hisham.yaacob@uaeu.ac.ae,Hisham Yaaoob,College of Business and Economics
musaddiq.a@uaeu.ac.ae,Musaddiq Khan,College of Business and Economics
muhammad.imran@uaeu.ac.ae,Muhammad Imran,College of Business and Economics
t.elshazly@uaeu.ac.ae,Tarek El Shazly,College of Business and Economics
mayada_youssef@uaeu.ac.ae,Mayada Youssef,College of Business and Economics
osweidan@uaeu.ac.ae,Osama D. Sweidan,College of Business and Economics
wmina@uaeu.ac.ae,Wasseem Mina,College of Business and Economics
aelanshasy@uaeu.ac.ae,Amany Elanshasy,College of Business and Economics
usman.khalid@uaeu.ac.ae,Usman Khalid,College of Business and Economics
sasi.gopalan@uaeu.ac.ae,Sasidaran Gopalan,College of Business and Economics
simonmslo@uaeu.ac.ae,Ming Sum Simon,College of Business and Economics
haojia@uaeu.ac.ae,Hao Jia,College of Business and Economics
kathiabah-zek@uaeu.ac.ae,Kathia Bahloul,College of Business and Economics
idrissanusy@uaeu.ac.ae,Olajide Idris,College of Business and Economics
mwaqfi@uaeu.ac.ae,Mohammed AlWaqfi,College of Business and Economics
dayousef@uaeu.ac.ae,Darwish A. Yousef,College of Business and Economics
abdul.karim@uaeu.ac.ae,Abdul Karim Khan,College of Business and Economics
thouraya.labben@uaeu.ac.ae,Thouraya Labben,College of Business and Economics
h.almazrouei@uaeu.ac.ae,Hanan Al Mazrouei,College of Business and Economics
alzahmi@uaeu.ac.ae,Rashed Al Zahmi,College of Business and Economics
squratulain@uaeu.ac.ae,Samina Quratulain,College of Business and Economics
kababneh@uaeu.ac.ae,Khaldoun Ababneh,College of Business and Economics
malsuwaidi@uaeu.ac.ae,Mohammed Al Suwaidi,College of Business and Economics
marylego@uaeu.ac.ae,Mary Precy Aguilar,College of Business and Economics
zeineb.k@uaeu.ac.ae,Zeineb Khalfallah,College of Business and Economics
louise.chalkley@uaeu.ac.ae,Louise Chalkley,College of Business and Economics
riyad.aly@uaeu.ac.ae,Riyad Eid,College of Business and Economics
mdayan@uaeu.ac.ae,Mumin Dayan,College of Business and Economics
teemu.kautonen@uaeu.ac.ae,Teemu Kautonen,College of Business and Economics
maqsoods@uaeu.ac.ae,Maqsood Sandhu,College of Business and Economics
y.boulaksil@uaeu.ac.ae,Youssef Boulaksil,College of Business and Economics
ningshen@uaeu.ac.ae,Kathy Ning Shen,College of Business and Economics
mouna.boujelben@uaeu.ac.ae,Mouna Kchaou Boujelben,College of Business and Economics
bwood@uaeu.ac.ae,Bronwyn Wood,College of Business and Economics
twondwesen@uaeu.ac.ae,Wondwesen Tafesse,College of Business and Economics
skhalid@uaeu.ac.ae,Saba Khalid,College of Business and Economics
eissaalfaraj@uaeu.ac.ae,Eissa Al Rumaithi,College of Business and Economics
muhammad.jalil@uaeu.ac.ae,Muhammad Naiman Jalil,College of Business and Economics
tariq.aljuneidi@uaeu.ac.ae,Tariq Al Juneidi,College of Business and Economics
ckulzersacilotto@uaeu.ac.ae,Cintia Külzer Sacilotto,College of Business and Economics
zaslam@uaeu.ac.ae,Zulfiqar Aslam,College of Business and Economics
aimane.dkhaili@uaeu.ac.ae,Aimane Dkhaili,College of Business and Economics
rtsyed@uaeu.ac.ae,Raihan Taqui Syed,College of Business and Economics
hamoudaa@uaeu.ac.ae,Angela Hamouda,College of Business and Economics
abeba.beyene@uaeu.ac.ae,Abeba Mengistu,College of Business and Economics
ali_ibrahim@uaeu.ac.ae,Ali Ibrahim,College of Business and Economics
fatima.saleh@uaeu.ac.ae,Fatima Al Breiki,College of Business and Economics
saifm@uaeu.ac.ae,Saif Al Mahrouqi,College of Humanities and Social Sciences
jamalmaqableh@uaeu.ac.ae,Jamal Maqableh,College of Humanities and Social Sciences
emadzapin@uaeu.ac.ae,Emad Zapin,College of Humanities and Social Sciences
daad-alnaser@uaeu.ac.ae,Da'ed Al Nasser,College of Humanities and Social Sciences
huda.salem@uaeu.ac.ae,Huda Salem,College of Humanities and Social Sciences
g.salem@uaeu.ac.ae,Ghaneimah AlYammahi,College of Humanities and Social Sciences
alamein.ali@uaeu.ac.ae,Al Amein Alshareif,College of Humanities and Social Sciences
muna_sahli@uaeu.ac.ae,Muna A. Sahli,College of Humanities and Social Sciences
hrashwan@uaeu.ac.ae,Hany Rashwan,College of Humanities and Social Sciences
mozah.o@uaeu.ac.ae,Mozah Tenaijy,College of Humanities and Social Sciences
mmalzahn@uaeu.ac.ae,Manfred Malzahn,College of Humanities and Social Sciences
paul.innes@uaeu.ac.ae,Paul Innes,College of Humanities and Social Sciences
hambuchd@uaeu.ac.ae,Doris Hambuch,College of Humanities and Social Sciences
marlene_allen@uaeu.ac.ae,Marlene Allen,College of Humanities and Social Sciences
hsharkas@uaeu.ac.ae,Hala Sharkas,College of Humanities and Social Sciences
j.giaber@uaeu.ac.ae,Jamal Mohamed,College of Humanities and Social Sciences
m_batineh@uaeu.ac.ae,Mohammed AlBatineh,College of Humanities and Social Sciences
amna_alahbabi@uaeu.ac.ae,Amna Al Ahbabi,College of Humanities and Social Sciences
gkendi@uaeu.ac.ae,Ghadeir Alkindi,College of Humanities and Social Sciences
mjmzagood@uaeu.ac.ae,Mohammed Zagood,College of Humanities and Social Sciences
raja.lahiani@uaeu.ac.ae,Raja Lahiani,College of Humanities and Social Sciences
f.alblooshi@uaeu.ac.ae,Fatima Alblooshi,College of Humanities and Social Sciences
marytee@uaeu.ac.ae,Mary Donnenworth,College of Humanities and Social Sciences
b.muir@uaeu.ac.ae,Basil Muir,College of Humanities and Social Sciences
rmacdonagh@uaeu.ac.ae,Mary Rita,College of Humanities and Social Sciences
ecarlstedt@uaeu.ac.ae,Edward R. Carlstedt,College of Humanities and Social Sciences
uwaentig@uaeu.ac.ae,Ulrike Wantig,College of Humanities and Social Sciences
jihye@uaeu.ac.ae,Jihye Kim,College of Humanities and Social Sciences
derek.b@uaeu.ac.ae,Derek Brown,College of Humanities and Social Sciences
rroque@uaeu.ac.ae,Ricardo Mateos,College of Humanities and Social Sciences
afajgelj@uaeu.ac.ae,Andrej Fajgelj,College of Humanities and Social Sciences
beadlet@uaeu.ac.ae,Theresa Beadle,College of Humanities and Social Sciences
mai.n@uaeu.ac.ae,Mai Nourelhuda,College of Humanities and Social Sciences
adriaandeman@uaeu.ac.ae,Adriaan De Man,College of Humanities and Social Sciences
naboodah@uaeu.ac.ae,Hassan Al-Naboodah,College of Humanities and Social Sciences
hamad.mohd@uaeu.ac.ae,Hamad Ben Saray,College of Humanities and Social Sciences
yehia.ahmed@uaeu.ac.ae,Yehia Mahmoud,College of Humanities and Social Sciences
saad.twaissi@uaeu.ac.ae,Sa'ad Twaissi,College of Humanities and Social Sciences
timothy.power@uaeu.ac.ae,Timothy Power,College of Humanities and Social Sciences
amyjueh@uaeu.ac.ae,Jue Huang,College of Humanities and Social Sciences
rbradshaw@uaeu.ac.ae,Rebecca Bradshaw,College of Humanities and Social Sciences
clarisse.roche@uaeu.ac.ae,Clarisse S. Roche,College of Humanities and Social Sciences
ralphaleo@uaeu.ac.ae,Ralph Leo,College of Humanities and Social Sciences
shereen.atreis@uaeu.ac.ae,Shirin M. Mohamed,College of Humanities and Social Sciences
martinjendley@uaeu.ac.ae,Martin Endley,College of Humanities and Social Sciences
alnajjar@uaeu.ac.ae,Ahmed Alnajjar,College of Humanities and Social Sciences
hdodeen@uaeu.ac.ae,Hamzeh Dodeen,College of Humanities and Social Sciences
s.boudelaa@uaeu.ac.ae,Sami Boudelaa,College of Humanities and Social Sciences
abdeljelil.kazem@uaeu.ac.ae,Abduljaleel Al Wali,College of Humanities and Social Sciences
leung@uaeu.ac.ae,Tommi Leung,College of Humanities and Social Sciences
m_alkaabi@uaeu.ac.ae,Meera Kaabi,College of Humanities and Social Sciences
p.j.meadows@uaeu.ac.ae,Phillip Meadows,College of Humanities and Social Sciences
d.mezzadri@uaeu.ac.ae,Daniele Mezzadri,College of Humanities and Social Sciences
f.zohra@uaeu.ac.ae,Fatma Zohra Sai,College of Humanities and Social Sciences
yanassar1007@uaeu.ac.ae,Yahya Nassar,College of Humanities and Social Sciences
aabdullah@uaeu.ac.ae,Abdullah Saif,College of Humanities and Social Sciences
elhammoumim@uaeu.ac.ae,Mohammed Elhammoumi,College of Humanities and Social Sciences
khaledk@uaeu.ac.ae,Khaled Karim,College of Humanities and Social Sciences
hasan.mostafa@uaeu.ac.ae,Hosni El-Dali,College of Humanities and Social Sciences
simon.langford@uaeu.ac.ae,Simon Langford,College of Humanities and Social Sciences
bryan.frances@uaeu.ac.ae,Bryan Frances,College of Humanities and Social Sciences
ian.grey@uaeu.ac.ae,Ian Grey,College of Humanities and Social Sciences
brettjet.cody@uaeu.ac.ae,Brettjet Cody,College of Humanities and Social Sciences
gunjan_khera@uaeu.ac.ae,Gunjan Khera,College of Humanities and Social Sciences
anton.yasnitsky@uaeu.ac.ae,Anton Yasnitsky,College of Humanities and Social Sciences
mmarren@uaeu.ac.ae,Marina Marren,College of Humanities and Social Sciences
mariana.coutinho@uaeu.ac.ae,Mariana Coutinho,College of Humanities and Social Sciences
salalili@uaeu.ac.ae,Sara Al Aleeli,College of Humanities and Social Sciences
abdelhameed.mohd@uaeu.ac.ae,Abdel Hameed Darweish,College of Humanities and Social Sciences
taregh.shaban@uaeu.ac.ae,Taregh Shaban,College of Humanities and Social Sciences
m.ijha@uaeu.ac.ae,Mervat Ijha,College of Humanities and Social Sciences
a.mansoori@uaeu.ac.ae,Ahmed S. Mansoori,College of Humanities and Social Sciences
ali_m@uaeu.ac.ae,Ali Noor Mohamed,College of Humanities and Social Sciences
aljenaibi@uaeu.ac.ae,Badreya Al Jenaibi,College of Humanities and Social Sciences
maha.bashri@uaeu.ac.ae,Maha Bashri,College of Humanities and Social Sciences
ayo.oyeleye@uaeu.ac.ae,Ayo Oyeleye,College of Humanities and Social Sciences
stahmed@uaeu.ac.ae,Sameera Tahira Ahmed,College of Humanities and Social Sciences
shujun.jiang@uaeu.ac.ae,Shujun Jiang,College of Humanities and Social Sciences
mu.musa@uaeu.ac.ae,Muhammed Musa,College of Humanities and Social Sciences
alirafeeq@uaeu.ac.ae,Ali Rafeeq,College of Humanities and Social Sciences
k.tahat@uaeu.ac.ae,Khalaf Tahat,College of Humanities and Social Sciences
ahmed.nori@uaeu.ac.ae,Ahmed Nori,College of Humanities and Social Sciences
queentali@uaeu.ac.ae,Queentali Thokchom,College of Humanities and Social Sciences
walterm@uaeu.ac.ae,Michael E. Walter,College of Humanities and Social Sciences
staceykalkowski@uaeu.ac.ae,Stacey Kalkowski,College of Humanities and Social Sciences
sarah.willard@uaeu.ac.ae,Sarah Willard,College of Humanities and Social Sciences
toomas.a@uaeu.ac.ae,Toomas Altnurme,College of Humanities and Social Sciences
ayshaayaz@uaeu.ac.ae,Aysha Ayaz,College of Humanities and Social Sciences
islam.nasib@uaeu.ac.ae,Islam Hasan,College of Humanities and Social Sciences
naeemam@uaeu.ac.ae,Naeema Al Hosani,College of Humanities and Social Sciences
f.elessawy@uaeu.ac.ae,Fayez Elessawy,College of Humanities and Social Sciences
myagoub@uaeu.ac.ae,Mohamed Yagoub,College of Humanities and Social Sciences
nazmi.saleous@uaeu.ac.ae,Nazmi Saleous,College of Humanities and Social Sciences
abintouq@uaeu.ac.ae,Ahmad Bin Touq,College of Humanities and Social Sciences
a.abuelgasim@uaeu.ac.ae,Abdelgadir Abuelgasim,College of Humanities and Social Sciences
khaula.alkaabi@uaeu.ac.ae,Khaula Al Kaabi,College of Humanities and Social Sciences
tareefa@uaeu.ac.ae,Tareefa AlSumaiti,College of Humanities and Social Sciences
khalid.hussein@uaeu.ac.ae,Khaleid Hussein,College of Humanities and Social Sciences
marwan.elmubarak@uaeu.ac.ae,Marwan El Mubarak,College of Humanities and Social Sciences
rmbridi@uaeu.ac.ae,Robert M.Bridi,College of Humanities and Social Sciences
ah.almurshidi@uaeu.ac.ae,Ahmed Almurshidi,College of Humanities and Social Sciences
abdbizreh@uaeu.ac.ae,Abdallah Al Bizreh,College of Humanities and Social Sciences
farah.m@uaeu.ac.ae,Farah Muhammad Saeed,College of Humanities and Social Sciences
s.aloraimi@uaeu.ac.ae,Suaad Al Oraimi,College of Humanities and Social Sciences
mohd.hwaiden@uaeu.ac.ae,Mohamed Bin Huwaidin,College of Humanities and Social Sciences
ali.alghafli@uaeu.ac.ae,Ali Alghafli,College of Humanities and Social Sciences
maryam.lotah@uaeu.ac.ae,Maryem Lootah,College of Humanities and Social Sciences
radeljic@uaeu.ac.ae,Branislav Radeljic,College of Humanities and Social Sciences
mahmoud.naamneh@uaeu.ac.ae,Mahmoud Naamneh,College of Humanities and Social Sciences
madalla.a@uaeu.ac.ae,Madalla Alibeli,College of Humanities and Social Sciences
scott.walker@uaeu.ac.ae,Scott Walker,College of Humanities and Social Sciences
abdulfattah@uaeu.ac.ae,Abdulfattah Yaghi,College of Humanities and Social Sciences
o.boateng@uaeu.ac.ae,Osman Antwi-Boateng,College of Humanities and Social Sciences
tkarabchuk@uaeu.ac.ae,Tatiana Karabchuk,College of Humanities and Social Sciences
garethdavey@uaeu.ac.ae,Gareth Davey,College of Humanities and Social Sciences
annebartlett@uaeu.ac.ae,Anne Bartlett,College of Humanities and Social Sciences
pauloconnor1978@uaeu.ac.ae,Paul O'Connor,College of Humanities and Social Sciences
salkohlani@uaeu.ac.ae,Sumaia AlKohlani,College of Humanities and Social Sciences
a.kazim@uaeu.ac.ae,Aqil Abdulfattah,College of Humanities and Social Sciences
aigul@uaeu.ac.ae,Aigul Zabirova,College of Humanities and Social Sciences
mjaffre@uaeu.ac.ae,Maxime Jaffre,College of Humanities and Social Sciences
ekitbi@uaeu.ac.ae,Ibtisam Al Kitbi,College of Humanities and Social Sciences
m.aljanahi@uaeu.ac.ae,Mohammed Aljanahi,College of Humanities and Social Sciences
ali_alhbabi@uaeu.ac.ae,Ali H. Al Hbabi,College of Humanities and Social Sciences
ebtesam.alteneiji@uaeu.ac.ae,Ebtesam Al Teneiji,College of Humanities and Social Sciences
p.tedam@uaeu.ac.ae,Prospera Tedam,College of Humanities and Social Sciences
ansiefouche@uaeu.ac.ae,Ansie Fouche,College of Humanities and Social Sciences
aziz88@uaeu.ac.ae,Abdulaziz Albrithen,College of Humanities and Social Sciences
sh.alfalasy@uaeu.ac.ae,Shamma Alfalasi,College of Humanities and Social Sciences
kcooper07@uaeu.ac.ae,Krista Cooper,College of Humanities and Social Sciences
mona.bahar@uaeu.ac.ae,Muna,College of Humanities and Social Sciences
sssingh@uaeu.ac.ae,Sukhwinder Singh Purewal,College of Humanities and Social Sciences
e.almarqab@uaeu.ac.ae,Enas Almarqab,College of Humanities and Social Sciences
helsayed@uaeu.ac.ae,Hesham El-Sayed,College of Information Technology
walidibr@uaeu.ac.ae,Walid Ibrahim,College of Information Technology
najah@uaeu.ac.ae,Najah Abu Ali,College of Information Technology
alakas@uaeu.ac.ae,Abderrahmane Lakas,College of Information Technology
f.sallabi@uaeu.ac.ae,Farag Sallabi,College of Information Technology
parag@uaeu.ac.ae,Parag Gopal Kulkarni,College of Information Technology
mhayajneh@uaeu.ac.ae,Mohammad Hayajneh,College of Information Technology
ms-alyammahi@uaeu.ac.ae,Maryam Yammahi,College of Information Technology
fekrik@uaeu.ac.ae,Fekri Kharbash,College of Information Technology
belkacem@uaeu.ac.ae,Abdelkader N Belkacem,College of Information Technology
manzoor-khan@uaeu.ac.ae,Manzoor Ahmed Khan,College of Information Technology
elezabeth.mathew@uaeu.ac.ae,Elezabeth Mathew,College of Information Technology
sreeletha@uaeu.ac.ae,Sreeletha Saroja Chandran,College of Information Technology
azzam@uaeu.ac.ae,Azzam Al-Safar,College of Information Technology
basheera@uaeu.ac.ae,Basheer A. Madappuram,College of Information Technology
muhammad.zia@uaeu.ac.ae,Muhammae Talha Zia,College of Information Technology
ebarka@uaeu.ac.ae,Ezedin Barka,College of Information Technology
trabelsi@uaeu.ac.ae,Zouheir Trabelsi,College of Information Technology
serhanim@uaeu.ac.ae,Mohamed Adel Serhani,College of Information Technology
m.masud@uaeu.ac.ae,Mohammad Mehedy Masud,College of Information Technology
shayma.alkobaisi@uaeu.ac.ae,Shayma Alkobaisi,College of Information Technology
amirahmad@uaeu.ac.ae,Amir Ahmad,College of Information Technology
mgergely@uaeu.ac.ae,Marton Gergely,College of Information Technology
ahmed.alfaresi@uaeu.ac.ae,Ahmed Al Faresi,College of Information Technology
yousef-a@uaeu.ac.ae,Yousef Al Hammadi,College of Information Technology
salrabaee@uaeu.ac.ae,Saed Saleh Al Rabaee,College of Information Technology
mamoun.awad@uaeu.ac.ae,Mamoun Awad,College of Information Technology
nzaki@uaeu.ac.ae,Nazar Zaki,College of Information Technology
ebadidi@uaeu.ac.ae,Moulay E. Badidi,College of Information Technology
leila@uaeu.ac.ae,Leila Ismail,College of Information Technology
salahb@uaeu.ac.ae,Salah Bouktif,College of Information Technology
msharaf@uaeu.ac.ae,Mohamed Sharaf,College of Information Technology
sherzod@uaeu.ac.ae,Sherzod Turaev,College of Information Technology
fady.alnajjar@uaeu.ac.ae,Fady Al Najjar,College of Information Technology
jose@uaeu.ac.ae,Jose Lopez Berengueres,College of Information Technology
halashwal@uaeu.ac.ae,Hany Taher Al Ashwal,College of Information Technology
mgochoo@uaeu.ac.ae,Munkhjargal Gochoo,College of Information Technology
rdamseh@uaeu.ac.ae,Rafat Damseh,College of Information Technology
llulu@uaeu.ac.ae,Leena Mahmoud Ahmed Lulu,College of Information Technology
nfathima.abubacker@uaeu.ac.ae,Nirase Fathima Abubacker,College of Information Technology
hamer@uaeu.ac.ae,Hoda Amer,College of Information Technology
rawhi@uaeu.ac.ae,Rawhi Nasser Al Rae,College of Information Technology
f.alsuwairi@uaeu.ac.ae,Fatema M. Alteneiji,College of Information Technology
kheira.anissa@uaeu.ac.ae,Kheira Anissa,College of Engineering
ahmed.hassan@uaeu.ac.ae,Ahmed Hassan,College of Engineering
kgahmed@uaeu.ac.ae,Khaled Galal Ahmed,College of Engineering
mkhoukhi@uaeu.ac.ae,Maatouk Khoukhi,College of Engineering
madhar@uaeu.ac.ae,Madhar Haddad,College of Engineering
mhaggag@uaeu.ac.ae,Mahmoud A. Haggag,College of Engineering
muhammad.tariq@uaeu.ac.ae,Muhammad Tariq Shafiq,College of Engineering
omar.alkhatib@uaeu.ac.ae,Omar J. Al-Khatib,College of Engineering
sahera.bleibleh@uaeu.ac.ae,Sahera Bleibleh,College of Engineering
a.agiel@uaeu.ac.ae,Ahmed Agiel,College of Engineering
r.alshaali@uaeu.ac.ae,Rashed K. Al-Shaali,College of Engineering
tareq.abuimara@uaeu.ac.ae,Tareq Abuimara,College of Engineering
a.rauf@uaeu.ac.ae,Abdul Rauf,College of Engineering
lindita.bande@uaeu.ac.ae,Lindita Bande,College of Engineering
martin.scoppa@uaeu.ac.ae,Martin Dennis Scoppa,College of Engineering
mohamedmahgoub@uaeu.ac.ae,Mohammad Mahgoub,College of Engineering
youngki.kim@uaeu.ac.ae,Young Ki Kim,College of Engineering
a.gomez@uaeu.ac.ae,Eng. Ariel Gomez,College of Engineering
fayez.fikry@uaeu.ac.ae,Eng. Fayez Fikry,College of Engineering
r-hassan@uaeu.ac.ae,Eng. Rahma Hassan Haj,College of Engineering
mmiqbal@uaeu.ac.ae,Eng. Muhammed Mohsin Iqbal,College of Engineering
s.alzuhair@uaeu.ac.ae,Sulaiman Al-Zuhair,College of Engineering
a.zekri@uaeu.ac.ae,Abdulrazag Zekri,College of Engineering
hassana@uaeu.ac.ae,Ali Hassan Al-Marzouqi,College of Engineering
babujdayil@uaeu.ac.ae,Basim Abu-jdayil,College of Engineering
j.aboukassem@uaeu.ac.ae,Jamal Abou-Kassem,College of Engineering
mamdouh.ghannam@uaeu.ac.ae,Mamdouh Ghannam,College of Engineering
mhhassan@uaeu.ac.ae,Mohamed H. Al-Marzouqi,College of Engineering
nayef@uaeu.ac.ae,Nayef Mohamed Ghasem,College of Engineering
a.s.mozumder@uaeu.ac.ae,A. S. Mohammad Sayem Mozumder,College of Engineering
mn.altarawneh@uaeu.ac.ae,Mohammed noor Al Tarawneh,College of Engineering
munawar@uaeu.ac.ae,Munawar Shaik,College of Engineering
a.alraeesi@uaeu.ac.ae,Abdulrahman Y. Alraeesi,College of Engineering
b.zaitone@uaeu.ac.ae,Belal Al Zaitone,College of Engineering
emahmoud@uaeu.ac.ae,Eyas Mahmoud,College of Engineering
mziqbal@uaeu.ac.ae,"Iqbal, Muhammad Z.",College of Engineering
j.tang@uaeu.ac.ae,Jinyu Tang,College of Engineering
j.tannous@uaeu.ac.ae,Joy Tannous,College of Engineering
kausiva@uaeu.ac.ae,Kaushik Sivaramakrishnan,College of Engineering
m.alhosani@uaeu.ac.ae,Mohamed Alhosani,College of Engineering
mrhashmet@uaeu.ac.ae,Muhammad Hashmet,College of Engineering
muhammad.tahir@uaeu.ac.ae,Muhammad Tahir,College of Engineering
omar.awayssa@uaeu.ac.ae,Naeema Al Darmaki,College of Engineering
s.alzahmi@uaeu.ac.ae,Salem Shames Al Zahmi,College of Engineering
y.alblooshi@uaeu.ac.ae,Younes Alblooshi,College of Engineering
tkhaled-tahseen@uaeu.ac.ae,Taghreed Tahseen Said Al-Khalid,College of Engineering
drnchohan@uaeu.ac.ae,Nadeem Feroze Chohan,College of Engineering
md.abdurrauf@uaeu.ac.ae,Eng. Md Abdur Rauf,College of Engineering
nelhemali@uaeu.ac.ae,Eng. Nehad Salem,College of Engineering
amr.eldieb@uaeu.ac.ae,Amr El-Dieb,College of Engineering
m.mohamed@uaeu.ac.ae,Mohamed M Mohamed,College of Engineering
msherif@uaeu.ac.ae,Mohsen Sherif,College of Engineering
m.maraqa@uaeu.ac.ae,Munjed Maraqa,College of Engineering
tamer.maaddawy@uaeu.ac.ae,Tamer El Maaddawy,College of Engineering
amanmwafy@uaeu.ac.ae,Aman Mwafy,College of Engineering
amr.sweedan@uaeu.ac.ae,Amr Sweedan,College of Engineering
alyhassan@uaeu.ac.ae,Ashraf Aly Hassan,College of Engineering
a.hefny@uaeu.ac.ae,Ashraf Hefny,College of Engineering
bilal.elariss@uaeu.ac.ae,Bilal El-Ariss,College of Engineering
essamz@uaeu.ac.ae,Essam Zaineddin,College of Engineering
h.aljasmi@uaeu.ac.ae,Hamad Al Jassmi,College of Engineering
helhassan@uaeu.ac.ae,Hilal El Hassan,College of Engineering
m.hamouda@uaeu.ac.ae,Mohamed Hamouda,College of Engineering
ammar.alalkim@uaeu.ac.ae,Ammar Alzaabi,College of Engineering
aissa@uaeu.ac.ae,Anas Issa,College of Engineering
n.nandasena@uaeu.ac.ae,Aruna Nandasena,College of Engineering
hassan.i@uaeu.ac.ae,Hassan Imran,College of Engineering
k.alhosani@uaeu.ac.ae,Khaleel Al Hosani,College of Engineering
marklee@uaeu.ac.ae,Seongkwan Lee,College of Engineering
ghanma@uaeu.ac.ae,Mwafag Ghanma,College of Engineering
ehab.elsaid@uaeu.ac.ae,Eng. Ehab M. Elsaid,College of Engineering
mihussein@uaeu.ac.ae,Mousa I. Hussein,College of Engineering
f_awwad@uaeu.ac.ae,Falah Awwad,College of Engineering
shareef@uaeu.ac.ae,Hussain Shareef,College of Engineering
m.alahmad@uaeu.ac.ae,Mahmoud Al Ahmad,College of Engineering
addy.w@uaeu.ac.ae,Addy Wahyudie,College of Engineering
a.elmoutaouakil@uaeu.ac.ae,Amine El Moutaouakil,College of Engineering
atef.abdrabou@uaeu.ac.ae,Atef Abdrabou,College of Engineering
imad.barhumi@uaeu.ac.ae,Imad Barhumi,College of Engineering
nasir.saeed@uaeu.ac.ae,Nasir Saeed,College of Engineering
mhafez@uaeu.ac.ae,Mohamed Abdel-Hafez,College of Engineering
moh_atef@uaeu.ac.ae,Mohamed Atef,College of Engineering
mslaghari@uaeu.ac.ae,Mohammad Shakeel Laghari,College of Engineering
qurban.memon@uaeu.ac.ae,Qurban Ali,College of Engineering
akalbat@uaeu.ac.ae,Abdulrahman Younis Kalbat,College of Engineering
hamad.alkhoori@uaeu.ac.ae,Hamad AlKhoori,College of Engineering
rachid.errouissi@uaeu.ac.ae,Rachid Errouissi,College of Engineering
mffbataineh@uaeu.ac.ae,Mohammad Fayez Al Bataineh,College of Engineering
nabil@uaeu.ac.ae,Nabil Bastaki,College of Engineering
%c2%a0sameer.fayez@uaeu.ac.ae,Eng. Sameer Fayez,College of Engineering
mohamed.selim@uaeu.ac.ae,Mohamed Younes Selim,College of Engineering
ahmourad@uaeu.ac.ae,Abdel-Hamid I. Mourad,College of Engineering
s.omari@uaeu.ac.ae,Salahaddin Al-Omari,College of Engineering
k.harib@uaeu.ac.ae,Khalifa H. Harib,College of Engineering
jchai@uaeu.ac.ae,John Kiong Chai,College of Engineering
eelnajjar@uaeu.ac.ae%c2%a0@uaeu.ac.ae,Emad Elnajjar,College of Engineering
bmathew@uaeu.ac.ae,Bobby Mathew,College of Engineering
falnaimat@uaeu.ac.ae,Fadi Al Naimat,College of Engineering
fomar@uaeu.ac.ae%c2%a0@uaeu.ac.ae,Farag Khalifa Omar,College of Engineering
jqudeiri@uaeu.ac.ae,Jaber Abu Qudeiri,College of Engineering
kassim@uaeu.ac.ae,Kassim Abdullah,College of Engineering
mselsayed@uaeu.ac.ae,Mostafa El Sayed,College of Engineering
mahgendi@uaeu.ac.ae,Mahmoud Elgendi,College of Engineering
ibrahim.shaban@uaeu.ac.ae,Ibrahim Shaban,College of Engineering
hussien.hegab@uaeu.ac.ae,Hussien Hegab,College of Engineering
j.huh@uaeu.ac.ae,Jeongmoo Huh,College of Engineering
kisunpark@uaeu.ac.ae,Ki Sun Park,College of Engineering
mohamed.kamra@uaeu.ac.ae,Mohamed Kamra,College of Engineering
mokasha@uaeu.ac.ae,Mohamed Okasha,College of Engineering
saeed.k@uaeu.ac.ae,Saeed Al-Nuaimi,College of Engineering
shkhan@uaeu.ac.ae,Sanan Husain Khan,College of Engineering
tndief@uaeu.ac.ae,Tarek Dief,College of Engineering
esulaeman@uaeu.ac.ae,Erwin Sulaeman,College of Engineering
haithamelshimy@uaeu.ac.ae,Haitham Elshimy,College of Engineering
sangarappillai@uaeu.ac.ae%c2%a0@uaeu.ac.ae,Sangarappillai Sivaloganathan,College of Engineering
ihamad@uaeu.ac.ae,Issah Al-Hamad,College of Engineering
rhamza@uaeu.ac.ae,Eng. Rehab Hamza,College of Engineering
hayder.a@uaeu.ac.ae,Eng. Hayder Ali,College of Engineering
w.ahmed@uaeu.ac.ae,Waleed Khalil Ahmed,College of Engineering
linamo@uaeu.ac.ae,Lina Shehadeh,College of Engineering
w.makhadmeh@uaeu.ac.ae,Wala'a Al Makhadmeh,College of Engineering
a.fares@uaeu.ac.ae,Ameera Mohammad,College of Engineering
aymanrabee@uaeu.ac.ae,Eng. Ayman Rabee,College of Engineering
rihabhamza@uaeu.ac.ae,Eng. Rihab Kamal Mirghani Hamza,College of Engineering
mshekfa@uaeu.ac.ae,Eng. Mohammed Ismaeel Shekfa,College of Engineering
r.takriti@uaeu.ac.ae,Rachel Allison Takriti,College of Education
n.alhosani@uaeu.ac.ae,Najwa Alhosani,College of Education
tairab@uaeu.ac.ae,Hassan Tairab,College of Education
ali.shehadeh@uaeu.ac.ae,Ali Shehadeh,College of Education
mshaban@uaeu.ac.ae,Mohamed Shaban,College of Education
epearson@uaeu.ac.ae,Emma Pearson,College of Education
nalsheikh@uaeu.ac.ae,Negmeldin Alsheikh,College of Education
qilong.zhang@uaeu.ac.ae,Qilong Zhang,College of Education
g_almurshidi@uaeu.ac.ae,Ghadah Morshedi,College of Education
sbelbase@uaeu.ac.ae,Shashidhar Belbase,College of Education
b.khanbooli@uaeu.ac.ae,Badrya AlKhanbooli,College of Education
monahumaid@uaeu.ac.ae,Mona Al-Janahi,College of Education
qiuzhi.xie@uaeu.ac.ae,XIE Qiuzhi,College of Education
lschofield@uaeu.ac.ae,Lindsay Schofield,College of Education
alriyami@uaeu.ac.ae,Rashid M. Al Riyami,College of Education
salsuwaidi@uaeu.ac.ae,Sultan Al Suwaidi,College of Education
mark.baildon@uaeu.ac.ae,Mark Baildon,College of Education
ahmed.alkaabi@uaeu.ac.ae,Ahmed Al Kaabi,College of Education
asma.abdallah@uaeu.ac.ae,Asma Abdullah,College of Education
o.almuhairy@uaeu.ac.ae,Ousha Al Muhairi,College of Education
ahamdan@uaeu.ac.ae,Ahmed Mohamed,College of Education
myrabacsal@uaeu.ac.ae,Rhoda Myra Garces Bacsal,College of Education
maxwell.p@uaeu.ac.ae,Maxwell Opoku,College of Education
ashraf.m@uaeu.ac.ae,Ashraf Mustafa,College of Education
gnassis@uaeu.ac.ae,Georgios Nassis,College of Education
j.alnuaimi@uaeu.ac.ae,Jamal Alnuaimi,College of Education
balazs.gabor@uaeu.ac.ae,Balazs Gabor,College of Education
i_alshawabkeh@uaeu.ac.ae,Ibrahim Kamel Al Shawabkeh,College of Law
m.al-qasimi@uaeu.ac.ae,Mohammed Qasimi,College of Law
fgourari@uaeu.ac.ae,Fatiha Guarari,College of Law
shawkym@uaeu.ac.ae,Ahmed Shawky,College of Law
abouelwafa.ibrahim@uaeu.ac.ae,Abu Alwafa Mohammed,College of Law
magdi.shouaib@uaeu.ac.ae,Magdi Shouaib,College of Law
elmaslouhi@uaeu.ac.ae,Abderrahim El Maslouhi,College of Law
mouaidalqudah@uaeu.ac.ae,Mouaid Al Qudah,College of Law
r_alajlani@uaeu.ac.ae,Riad Al Ajlani,College of Law
gehad_m@uaeu.ac.ae,Gehad M. Abdulaziz Mohamed,College of Law
malhammadi@uaeu.ac.ae,Mohamed Al Hammadi,College of Law
alaa.m@uaeu.ac.ae,Alaa Mohye Eldin Mostafa,College of Law
j.bastaki@uaeu.ac.ae,Jinan Y. Bastaki,College of Law
drtarek@uaeu.ac.ae,Tarek Fathi,College of Law
khaled.madi@uaeu.ac.ae,Khaled Madi,College of Law
s.binsafwan@uaeu.ac.ae,Saeed Abdulrahman Al-Ali,College of Law
s.aljahoori@uaeu.ac.ae,Sumaya Abdul Rahim  Al Jahouri,College of Law
adham.hashish@uaeu.ac.ae,Adham Ahmed Hashish,College of Law
driss.eddaran@uaeu.ac.ae,Driss ED.Daran,College of Law
e.aldehyyat@uaeu.ac.ae,Emad A. Dahiyat,College of Law
n.khater@uaeu.ac.ae,Noori H. Khater,College of Law
ahmed.khalil@uaeu.ac.ae,Ahmed El Sayed Khalil,College of Law
zaida@uaeu.ac.ae,Zaid Al Agaileh,College of Law
ossama.badr@uaeu.ac.ae,Osama Badr,College of Law
habiba.saif@uaeu.ac.ae,Habiba Al Shamsi,College of Law
aalkhatib@uaeu.ac.ae,Abdullah al Khatib,College of Law
z_mohammed@uaeu.ac.ae,Moh'd Zaheeruddin,College of Law
mohammad.nsour@uaeu.ac.ae,Mohammad Abualethem Nsour,College of Law
elgherianii@uaeu.ac.ae,ElMoatasembellah ElGheriani,College of Law
ahmed.alzaabi@uaeu.ac.ae,Ahmed M.Al Zaabi,College of Law
m.alqudah@uaeu.ac.ae,Mutasim Al Qudah,College of Law
saleh.al-sharieh@uaeu.ac.ae,Saleh Al-Sharieh,College of Law
a.alrumaithi@uaeu.ac.ae,Abdulla D.  Alremeithi,College of Law
mohammad.a@uaeu.ac.ae,Mohammad Ibrahim Abdulrahim. Abdulla,College of Law
a.eldakak@uaeu.ac.ae,Ahmed El Dakak,College of Law
hassan.abdalla@uaeu.ac.ae,Hassan Abdalla Hassan,College of Law
enas.alqodsi@uaeu.ac.ae,Enas Al Qodsi,College of Law
h.hammad@uaeu.ac.ae,Hamza A. Hammad,College of Law
elhag.mohamed@uaeu.ac.ae,Elhag M. Eldosh,College of Law
a.hamdan@uaeu.ac.ae,Abdel Aziz S. Hamdan,College of Law
damraha70@uaeu.ac.ae,Abdeljaleel Dhamrah,College of Law
alijunaidi@uaeu.ac.ae,Ali H. Al Jenaidi,College of Law
s.alali@uaeu.ac.ae,Salim A. Al-Ali,College of Law
200100732@uaeu.ac.ae,Mohammed Ahmed Abdulla Al Hamed,College of Law
aaesha@uaeu.ac.ae,Aaesha Easa Al Shehhi,College of Law
m.alrumaithi@uaeu.ac.ae,Mariam Ghurair Abdulla AlRumaithi,College of Law
a.ababneh@uaeu.ac.ae,Ahmad Ababneh,College of Law
abasarir@uaeu.ac.ae,Aydin Basarir,College of Agriculture and Veterinary Medicine
mohammed.s@uaeu.ac.ae,Mohammed Abdul Muhsen Ali Salem Alyafei,College of Agriculture and Veterinary Medicine
khaledmasmoudi@uaeu.ac.ae,Khaled Masmoudi,College of Agriculture and Veterinary Medicine
skurup@uaeu.ac.ae,Shyam Sreedhara Kurup,College of Agriculture and Veterinary Medicine
elke_neumann@uaeu.ac.ae,Elke Neumann,College of Agriculture and Veterinary Medicine
abdul.jaleel@uaeu.ac.ae,Abdul Jaleel Cheruth,College of Agriculture and Veterinary Medicine
eihab.fathelrahman@uaeu.ac.ae,Eihab Mohamed Fathelrahman,College of Agriculture and Veterinary Medicine
berhanu.adenew@uaeu.ac.ae,Berhanu Adenew Degefa,College of Agriculture and Veterinary Medicine
dawoods@uaeu.ac.ae,Dawood Sulaiman Juma Al Ajmi,College of Agriculture and Veterinary Medicine
zienab.ahmed@uaeu.ac.ae,Zienab Ahmed,College of Agriculture and Veterinary Medicine
nazar.s@uaeu.ac.ae,Nazar Sherif,College of Agriculture and Veterinary Medicine
a.alawad@uaeu.ac.ae,Adil Ismail Elawad Hassan,College of Agriculture and Veterinary Medicine
amira.askri@uaeu.ac.ae,Amira Askri,College of Agriculture and Veterinary Medicine
wasefz@uaeu.ac.ae,Wasef Ayed Wadi Al-Zayadneh,College of Agriculture and Veterinary Medicine
sajid.m@uaeu.ac.ae,Sajid Maqsood Maqsood Ahmed,College of Agriculture and Veterinary Medicine
afaf.kamal@uaeu.ac.ae,Afaf Kamal Eldin,College of Agriculture and Veterinary Medicine
mutamed.ayyash@uaeu.ac.ae,Mutamed Ayyash,College of Agriculture and Veterinary Medicine
ssrikumar@uaeu.ac.ae,Srikumar Shabarinath,College of Agriculture and Veterinary Medicine
akmal.nazir@uaeu.ac.ae,Akmal Nazir,College of Agriculture and Veterinary Medicine
ramankumarb@uaeu.ac.ae,Raman Bhaskaracharya,College of Agriculture and Veterinary Medicine
priti.d@uaeu.ac.ae,Priti Mudgil,College of Agriculture and Veterinary Medicine
nuha.mustafa@uaeu.ac.ae,Nuha Mustafa,College of Agriculture and Veterinary Medicine
bhawna.chugh@uaeu.ac.ae,Bhawna Chugh,College of Agriculture and Veterinary Medicine
camila.rosa@uaeu.ac.ae,Camila Silva Tamiello Da Rosa,College of Agriculture and Veterinary Medicine
awillingham@uaeu.ac.ae,Arve Lee Willingham,College of Agriculture and Veterinary Medicine
gobena.ameni@uaeu.ac.ae,Gobena Ameni Chimdi,College of Agriculture and Veterinary Medicine
uday.kishore@uaeu.ac.ae,Uday Kishore,College of Agriculture and Veterinary Medicine
a.alaiyan@uaeu.ac.ae,Ahmad Al Aiyan,College of Agriculture and Veterinary Medicine
rbarigye@uaeu.ac.ae,Robert Barigye,College of Agriculture and Veterinary Medicine
m.gablan@uaeu.ac.ae,Moneeb Qablan,College of Agriculture and Veterinary Medicine
i.habib@uaeu.ac.ae,Ihab Habib,College of Agriculture and Veterinary Medicine
drkhaja707@uaeu.ac.ae,Khaja Mohteshamuddin,College of Agriculture and Veterinary Medicine
ashaantony99@uaeu.ac.ae,Asha Antony,College of Agriculture and Veterinary Medicine
b.gajic@uaeu.ac.ae,Bojan Gajic,College of Agriculture and Veterinary Medicine
k.amiri@uaeu.ac.ae,Khaled Amiri,College of Science
w.hamza@uaeu.ac.ae,Waleed Hamza,College of Science
a.amin@uaeu.ac.ae,Amr Amin,College of Science
tksiksi@uaeu.ac.ae,Taoufik Ksiksi,College of Science
r_iratni@uaeu.ac.ae,Rabah Iratni,College of Science
ktarabily@uaeu.ac.ae,Khaled A. El-Tarabily,College of Science
sabuqamar@uaeu.ac.ae,Synan Abu Qamar,College of Science
s_muzaffar@uaeu.ac.ae,Sabir Bin Muzaffar,College of Science
m_aldeeb@uaeu.ac.ae,Mohammed Ali Al-Deeb,College of Science
ranjit.v@uaeu.ac.ae,Ranjit Vijayan,College of Science
salyan@uaeu.ac.ae,Sofyan H Alyan,College of Science
ahenderson@uaeu.ac.ae,Aaron Henderson,College of Science
mayoub@uaeu.ac.ae,Mohammed Ayoub,College of Science
ruwayaa@uaeu.ac.ae,Ruwaya Al-Kendi,College of Science
asmaa@uaeu.ac.ae,Asma Al Menhali,College of Science
yusra.aldhaheri@uaeu.ac.ae,Yusra Al-Dhaheri,College of Science
gururani@uaeu.ac.ae,Mayank Gururani,College of Science
oliver.manlik@uaeu.ac.ae,Oliver Manlik,College of Science
k.muhammad@uaeu.ac.ae,Khalid Muhammad,College of Science
sunilmundra@uaeu.ac.ae,Sunil Mundra,College of Science
youngwook.kim@uaeu.ac.ae,Youngwook Kim,College of Science
b.almarshidi@uaeu.ac.ae,Badria Al Marshedi,College of Science
mtalam@uaeu.ac.ae,Mohammad Tauqeer Alam,College of Science
igor.kryvoruchko@uaeu.ac.ae,Igor. Kryvoruchko,College of Science
nighat.p@uaeu.ac.ae,Nighat Parveen,College of Science
amjada@uaeu.ac.ae,Amjad Mahasneh,College of Science
m.lotfy@uaeu.ac.ae,Mohamed  Lotfy,College of Science
suliemany@uaeu.ac.ae,Yasir Nour,College of Science
r.almeskari@uaeu.ac.ae,Raja Al-Meskari,College of Science
naeema.alshamsi@uaeu.ac.ae,Naeema Al-Shamsi,College of Science
hali@uaeu.ac.aema_almeqbali@uaeu.ac.ae,Halima Al Meqbaali,College of Science
s.aldashti@uaeu.ac.ae,Samira Al-Dashti,College of Science
mohamed.mousa@uaeu.ac.ae,Mohamed Tahir Mousa,College of Science
biduth.k@uaeu.ac.ae,Biduth Kundu,College of Science
afra.alketbi@uaeu.ac.ae,Afra Al Ketbi,College of Science
biology@uaeu.ac.ae,Salwa Sultan Saeed,College of Science
abbask@uaeu.ac.ae,Abbas Khalil,College of Science
asalem@uaeu.ac.ae,Alaa Salem,College of Science
mtoutounji@uaeu.ac.ae,Mohamad Toutounji,College of Science
sayedm@uaeu.ac.ae,Sayed A. Marzouk,College of Science
thies@uaeu.ac.ae,Thies Thiemann,College of Science
y.afifi@uaeu.ac.ae,Yaser Greish,College of Science
mmeetani@uaeu.ac.ae,Mohammed Meetani,College of Science
m.alazab@uaeu.ac.ae,Mohamed Alazab Alnaqbi,College of Science
altafshah@uaeu.ac.ae,Iltaf Shah,College of Science
muna.bufaroosha@uaeu.ac.ae,Muna Bufaroosha,College of Science
mk.akhtar@uaeu.ac.ae,Kalim Akhtar,College of Science
soleiman.hisaindee@uaeu.ac.ae,Soleiman Hisaindee,College of Science
zmoussa@uaeu.ac.ae,Ziad Moussa,College of Science
ahmed.alzamly@uaeu.ac.ae,Ahmed Alzamly,College of Science
a.alshamsi@uaeu.ac.ae,Ahmed Saeed Al-Shamsi,College of Science
aperez@uaeu.ac.ae,Alejandro Perez,College of Science
f.hassan@uaeu.ac.ae,Fathy M. Hassan,College of Science
nmunawar@uaeu.ac.ae,Nayla Munawar,College of Science
abdulla.mahboob@uaeu.ac.ae,Abdulla Mahboob,College of Science
smsarri@uaeu.ac.ae,Salem Al Dhaheri,College of Science
samadi@uaeu.ac.ae,Abdelouahid Samadi,College of Science
mohamedhalawa@uaeu.ac.ae,Mohamed Abohalawa,College of Science
plinio@uaeu.ac.ae,Plinio Innocenzi,College of Science
sameermirza@uaeu.ac.ae,Sameer Mirza,College of Science
shaikha.alneyadi@uaeu.ac.ae,Shaikha Saif Alneyadi,College of Science
laya.rajendrah@uaeu.ac.ae,Laya Rajendran,College of Science
ahmed.alhamadat@uaeu.ac.ae,Ahmed Alhamadat,College of Science
aymannawwaf@uaeu.ac.ae,Ayman Nawwaf  Alsayyed,College of Science
dyana.merline@uaeu.ac.ae,Dyana Ambrose,College of Science
joanna.g@uaeu.ac.ae,Joanna Grazyna Pajak,College of Science
rakpalan@uaeu.ac.ae,Rakesh Rajagopalan,College of Science
s.abdulhamid@uaeu.ac.ae,Saber Abdul Hamid,College of Science
sandy.elmehrath@uaeu.ac.ae,Sandy Elmehrath,College of Science
a.jamal@uaeu.ac.ae,Abdallah Abu Namous,College of Science
mahmoudkorani@uaeu.ac.ae,Mahmoud Abdellatif,College of Science
moza.alkhaili@uaeu.ac.ae,Moza Nasser Al Khaili,College of Science
mzaabie@ueau.ac.ae@uaeu.ac.ae,Moza Rashed Al Zaabi,College of Science
z.salem@uaeu.ac.ae,Zahra Salem Al Badi,College of Science
r.alnaimi@uaeu.ac.ae,Ruwaya Al Nuaimi,College of Science
m.alshamisi@uaeu.ac.ae,Mariam Humaid Al Shamisi,College of Science
malsaedi@uaeu.ac.ae,Mariam Nasser Alsaedi,College of Science
sharefaa@uaeu.ac.ae,Sharefa Al Maqdi,College of Science
nouraalshamsi@uaeu.ac.ae,Noura Humaid ALshamsi,College of Science
aalblooshi@uaeu.ac.ae,Afra Ghareeb Al Booshi,College of Science
bassamh@uaeu.ac.ae,Bassam Hindawy,College of Science
khaula.a@uaeu.ac.ae,Khaula Ahmed Al Jahoushi,College of Science
l.ali@uaeu.ac.ae,Leena Al-Kaabi,College of Science
m.alkayoumi@uaeu.ac.ae,Mariam Al-Kayoumi,College of Science
vijo.p@uaeu.ac.ae,Vijo Poulose,College of Science
khawla.amer@uaeu.ac.ae,Khaula Amer Alshamsi,College of Science
harman@uaeu.ac.ae,Hasan Arman,College of Science
ahmed.murad@uaeu.ac.ae,Ahmed Ali Murad,College of Science
aaldahan@uaeu.ac.ae,Ala Aldahan,College of Science
h.baker@uaeu.ac.ae,Hayder A. Baker,College of Science
hakim.saibi@uaeu.ac.ae,Hakim Saibi,College of Science
salem.essa@uaeu.ac.ae,Salem Mohammad Issa,College of Science
afowler@uaeu.ac.ae,Abdurrahman Fowler,College of Science
khalids@uaeu.ac.ae,Khalid Mohamed Al Bloushi,College of Science
osman.abdelghany@uaeu.ac.ae,Osman Abdelghany,College of Science
s.alaabed@uaeu.ac.ae,Sulaiman Ali Alkaabi,College of Science
dalal.shamsi@uaeu.ac.ae,Dalal Matar Al Shamsi,College of Science
kamalali@uaeu.ac.ae,Kamal Ahmed Ali,College of Science
aahmed83@uaeu.ac.ae,Alaa Ahmed,College of Science
s_hussein@uaeu.ac.ae,Saber Mahmoud Mohamed Hussein,College of Science
bahaa.mahmoud@uaeu.ac.ae,"Bahaa Eldin Mahmoud Amin Mahmoud,PhD",College of Science
m.abusaima@uaeu.ac.ae,Mahmoud Moustafa Khalil Attia Abu Saima,College of Science
amir.gabr@uaeu.ac.ae,"Amir Mohamed Ahmed Gabr,PhD",College of Science
aisha.s@uaeu.ac.ae,Aisha Hader,College of Science
alanoudm@uaeu.ac.ae,Al Anoud Mohammed Al Ali,College of Science
wajeehk@uaeu.ac.ae,Wajeeh Kittaneh,College of Science
s.bahwan@uaeu.ac.ae,Shaheera Bahwan,College of Science
omers@uaeu.ac.ae,Omer Al-Basher,College of Science
alkorbi@uaeu.ac.ae,Ashwaq M.,College of Science
u.alkhawaja@uaeu.ac.ae,Usama Al Khawaja,College of Science
maamar@uaeu.ac.ae,"Maamar Benkraouda,PhD",College of Science
a.abada@uaeu.ac.ae,Abdessamad Abada,College of Science
iobaidat@uaeu.ac.ae,Ihab Obaidat,College of Science
m.zaghloul@uaeu.ac.ae,Mofreh R. Zaghloul,College of Science
ntit@uaeu.ac.ae,Nacir Tit,College of Science
nqamhieh@uaeu.ac.ae,Naser Qamhieh,College of Science
namrane@uaeu.ac.ae,Noureddine Amrane,College of Science
snasri@uaeu.ac.ae,Salah Nasri,College of Science
saleh.thaker@uaeu.ac.ae,Saleh Thaker Mahmoud,College of Science
a.hasan@uaeu.ac.ae,Ahmad A. Hasan,College of Science
fhamed@uaeu.ac.ae,Fathalla Hamed,College of Science
ahashish@uaeu.ac.ae,Adel Hassan Hashish,College of Science
emalkawi@uaeu.ac.ae,Ehab Malkawi,College of Science
e_sadki@uaeu.ac.ae,El Hadi Sadki,College of Science
adel.najar@uaeu.ac.ae,Adel Najar,College of Science
aquib.moin@uaeu.ac.ae,Aquib Moin,College of Science
rim.fares@uaeu.ac.ae,Rim Fares,College of Science
haldosari@uaeu.ac.ae,Haila M. Aldosari,College of Science
malatif@uaeu.ac.ae,Muhammad Abdul Latif,College of Science
naslim.n@uaeu.ac.ae,Naslim Neelamkodan,College of Science
roland.young@uaeu.ac.ae,Roland Young,College of Science
claus.gebhardt@uaeu.ac.ae,Claus Gebhardt,College of Science
seyd_darwish@uaeu.ac.ae,Iyad Seyd Darwish,College of Science
wabueideh@uaeu.ac.ae,Wael Amin AbuEideh,College of Science
sayeed.adam@uaeu.ac.ae,Sayeed Makkiyil Adam Kutty,College of Science
tariqali@uaeu.ac.ae,Tariq Abdul Samad Ali,College of Science
mhajyousef@uaeu.ac.ae,Mohamed Ali Haj Yousef,College of Science
s.ahamad@uaeu.ac.ae,Sadeeqa Jameel Ahamad,College of Science
yaser.sabbah@uaeu.ac.ae,Yaser Sabbah,College of Science
sreejith.k@uaeu.ac.ae,Sreejith Karthikeyan,College of Science
sara.aburugia@uaeu.ac.ae,Sara Maher Aburugia,College of Science
b.alketbi@uaeu.ac.ae,Bakhita Al Ketbi,College of Science
w_alfalasi@uaeu.ac.ae,Wadha Al Falasi,College of Science
reemab@uaeu.ac.ae,Rima Nabeel,College of Science
salneaimi@uaeu.ac.ae,Salama Al Nuaimi,College of Science
sheikha.alnaeme@uaeu.ac.ae,Shaikha Al Nuaimi,College of Science
ashraf@uaeu.ac.ae,Ashraf Farooq,College of Science
hanye@uaeu.ac.ae,Hany El Dib,College of Science
rimae@uaeu.ac.ae,Rima Al Sheikha,College of Science
salahalaasr@uaeu.ac.ae,Salah Elsaar,College of Science
razack003@uaeu.ac.ae,Abdul Razack,College of Science
muhammad_r@uaeu.ac.ae,Muhammad Keethadath,College of Science
s.alshamsi@uaeu.ac.ae,Shaikha Alshamsi,College of Science
adiene@uaeu.ac.ae,Adama Diene,College of Science
m.syam@uaeu.ac.ae,Muhammed I. Syam,College of Science
q.almdallal@uaeu.ac.ae,Qasem Al-Mdallal,College of Science
melbachraoui@uaeu.ac.ae,Mohamed A. ElBachraoui,College of Science
frihan@uaeu.ac.ae,"Fathalla Ali Rihan ,PhD",College of Science
aalrawashdeh@uaeu.ac.ae,Ahmed S. Al-Rawashdeh,College of Science
abdukhalik@uaeu.ac.ae,"Kanat Abdukhalikov ,PhD",College of Science
farrukh.m@uaeu.ac.ae,Farrukh Mukhamedov,College of Science
rababah@uaeu.ac.ae,Abdallah Rababah,College of Science
alexandr_irina@uaeu.ac.ae,"Alexandr Zubkov ,PhD",College of Science
a.lyaghfouri@uaeu.ac.ae,Abdeslam Lyaghfouri,College of Science
nafaachbili@uaeu.ac.ae,Nafaa Chbili,College of Science
youssef_elkhatib@uaeu.ac.ae,Youssef A. El Khatib,College of Science
mahajji@uaeu.ac.ae,Mohamed Ali Hajji,College of Science
sehjung.kim@uaeu.ac.ae,Sehjeong Kim,College of Science
a-tridane@uaeu.ac.ae,"Abdessamad M. Tridane ,PhD",College of Science
salem.bensaid@uaeu.ac.ae,Salem Ben Said,College of Science
hohon.leung@uaeu.ac.ae,Ho Hon Leung,College of Science
ugoginava@uaeu.ac.ae,"Ushangi Goginava ,PhD",College of Science
rafeiro@uaeu.ac.ae,"Humberto Rafeiro ,PhD",College of Science
baloghzsa@uaeu.ac.ae,"Zsolt Adam Balogh ,PhD",College of Science
m.imran658@uaeu.ac.ae,"Muhammad Imran ,PhD",College of Science
shumaila.javed@uaeu.ac.ae,"Shumaila Javed  ,PhD",College of Science
fatima.alawadhi@uaeu.ac.ae,Fatima H. Alawadhi,College of Science
alya.alshehhi@uaeu.ac.ae,Alya S. Alshehhi,College of Science
mohammed_m@uaeu.ac.ae,Mohammed Abuomar,College of Science
rauda.alshamsi@uaeu.ac.ae,Rauda Al-Shamsi,College of Science
heba.sakaji@uaeu.ac.ae,Hebatallah Al Sakaji,College of Science
hala_ae@uaeu.ac.ae,Hala K. M. Al Aqad,College of Science
rasha.shat@uaeu.ac.ae,Rasha Shat,College of Science
o.alhamadi@uaeu.ac.ae,Oasha A. Alhammadi,College of Science
m.aldhahery@uaeu.ac.ae,Moza K. Al Dhahery,College of Science
h.aldarei@uaeu.ac.ae,Hasna M. Al Darie,College of Science
mathscience@uaeu.ac.ae,Mahra Juma Alhanaei,College of Science
eadeghate@uaeu.ac.ae,Ernest A. Adeghate,College of Medicine and Health Sciences
m_allouh@uaeu.ac.ae,Mohd'd Allouh,College of Medicine and Health Sciences
s.shehab@uaeu.ac.ae,Safa A. Shehab,College of Medicine and Health Sciences
skaram@uaeu.ac.ae,Sherif M. Karam,College of Medicine and Health Sciences
m.hamad@uaeu.ac.ae,Mohammad Hamad,College of Medicine and Health Sciences
smohsin@uaeu.ac.ae,Sahar Mohsin,College of Medicine and Health Sciences
soumya.vinod@uaeu.ac.ae,Soumya Vinod,College of Medicine and Health Sciences
p_gayd@uaeu.ac.ae,Prasanna Gaydhanker,College of Medicine and Health Sciences
bsemerald@uaeu.ac.ae,Starling E. David,College of Medicine and Health Sciences
ahmedh@uaeu.ac.ae,Ahmed H. Al- Marzouqi,College of Medicine and Health Sciences
h.raza@uaeu.ac.ae,Haider Raza,College of Medicine and Health Sciences
mariac@uaeu.ac.ae,Maria J. Fernandez-Cabezudo,College of Medicine and Health Sciences
alya.arabi@uaeu.ac.ae,Alya Arabi,College of Medicine and Health Sciences
fmustafa@uaeu.ac.ae,Farah Mustafa,College of Medicine and Health Sciences
ehaque@uaeu.ac.ae,Md Emdadul Haque,College of Medicine and Health Sciences
sansari@uaeu.ac.ae,Suraiya A. Ansari,College of Medicine and Health Sciences
ahamid@uaeu.ac.ae,Abdalla Hamid,College of Medicine and Health Sciences
mcampo@uaeu.ac.ae,Maria S. Campo-Redondo,College of Medicine and Health Sciences
f.almughairbi@uaeu.ac.ae,Fadwa Al Mughairbi,College of Medicine and Health Sciences
zahir.vally@uaeu.ac.ae,Zahir Vally,College of Medicine and Health Sciences
sdaiban@uaeu.ac.ae,Salma Daiban,College of Medicine and Health Sciences
s.almarzooqi@uaeu.ac.ae,Suad Almarzooqi,College of Medicine and Health Sciences
moien.khan@uaeu.ac.ae,Moienudeen Khan,College of Medicine and Health Sciences
jhashim@uaeu.ac.ae,Muhammad J. Hashim,College of Medicine and Health Sciences
govenderr@uaeu.ac.ae,Romono Devi,College of Medicine and Health Sciences
akieu@uaeu.ac.ae,Alexander Kieu,College of Medicine and Health Sciences
nghenimi@uaeu.ac.ae,Nadirah Ghenimi,College of Medicine and Health Sciences
aljasmif@uaeu.ac.ae,Fatma Al Jasmi,College of Medicine and Health Sciences
bassam.ali@uaeu.ac.ae,Bassam Ali,College of Medicine and Health Sciences
saberi@uaeu.ac.ae,Mohd Saberi Mohamad,College of Medicine and Health Sciences
hiba.alblooshi@uaeu.ac.ae,Hiba AlBlooshi,College of Medicine and Health Sciences
nadia.akawi@uaeu.ac.ae,Nadia Akawi,College of Medicine and Health Sciences
noura.aldhaheri@uaeu.ac.ae,Noura Al Dhaheri,College of Medicine and Health Sciences
mushal.allam@uaeu.ac.ae,Mushal Allam,College of Medicine and Health Sciences
salturki@uaeu.ac.ae,Saeed Al Turki,College of Medicine and Health Sciences
m.grivna@uaeu.ac.ae,Michal Grivna,College of Medicine and Health Sciences
fatma.am@uaeu.ac.ae,Fatima Al Maskari,College of Medicine and Health Sciences
syeds@uaeu.ac.ae,Syed Shah,College of Medicine and Health Sciences
badam@uaeu.ac.ae,Balasz Adam,College of Medicine and Health Sciences
javaid.nauman@uaeu.ac.ae,Javaid Nauman,College of Medicine and Health Sciences
luai.ahmed@uaeu.ac.ae,Luai A. Ahmed,College of Medicine and Health Sciences
msheekhussein@uaeu.ac.ae,Mohamud Sheek Hussein,College of Medicine and Health Sciences
rrifai@uaeu.ac.ae,Rami Al Rifai,College of Medicine and Health Sciences
ielbarazi@uaeu.ac.ae,Iffat Elbarazi,College of Medicine and Health Sciences
ababakar.suliman@uaeu.ac.ae,Abubaker Hassan,College of Medicine and Health Sciences
msadig@uaeu.ac.ae,Mohamed El Sadig,College of Medicine and Health Sciences
mabid@uaeu.ac.ae,Mohammed Abid,College of Medicine and Health Sciences
azhar.talal@uaeu.ac.ae,Azhar Rahma,College of Medicine and Health Sciences
emasuadi@uaeu.ac.ae,Emad Masuadi,College of Medicine and Health Sciences
shamsaalshamsi@uaeu.ac.ae,Shamsa Al Shamsi,College of Medicine and Health Sciences
omran.bakoush@uaeu.ac.ae,Omran Bakoush,College of Medicine and Health Sciences
j.kaabi@uaeu.ac.ae,Juma M. Al Kaabi,College of Medicine and Health Sciences
aacevik@uaeu.ac.ae,Arif Cevik,College of Medicine and Health Sciences
s.gariballa@uaeu.ac.ae,Salah E. Gariballa,College of Medicine and Health Sciences
tallal.younis@uaeu.ac.ae,Tallal Younis,College of Medicine and Health Sciences
alhouqani@uaeu.ac.ae,Mohammed S. Al Houqani,College of Medicine and Health Sciences
salshamsi@uaeu.ac.ae,Saif J. Alshamsi,College of Medicine and Health Sciences
a.aldhanhani@uaeu.ac.ae,Ali M. Al Dhanhani,College of Medicine and Health Sciences
davidalao@uaeu.ac.ae,David Aloa,College of Medicine and Health Sciences
dwillia@uaeu.ac.ae,David Williams,College of Medicine and Health Sciences
f_ebrahim@uaeu.ac.ae,Fayez E. Alshamsi,College of Medicine and Health Sciences
hgaladari@uaeu.ac.ae,Hassan I. Galadari,College of Medicine and Health Sciences
mohdalkuwaiti@uaeu.ac.ae,Mohammed Al Kuwaiti,College of Medicine and Health Sciences
adnanagha@uaeu.ac.ae,Adnan Agha,College of Medicine and Health Sciences
mfarooq@uaeu.ac.ae,Munawar Farooq,College of Medicine and Health Sciences
rymersal@uaeu.ac.ae,Rehab Mersal,College of Medicine and Health Sciences
mmagzoub@uaeu.ac.ae,Mohi Eldin Magzoub,College of Medicine and Health Sciences
m.elzubeir@uaeu.ac.ae,Margaret Ann El Zubeir,College of Medicine and Health Sciences
sami.shaban@uaeu.ac.ae,Sami Shaban,College of Medicine and Health Sciences
swaller@uaeu.ac.ae,Susan Anne Waller,College of Medicine and Health Sciences
a.alessa@uaeu.ac.ae,Awad Al Essa,College of Medicine and Health Sciences
geraldine.kershaw@uaeu.ac.ae,Geraldine E. Kershaw,College of Medicine and Health Sciences
jkoester@uaeu.ac.ae,Jane Anne Koester,College of Medicine and Health Sciences
mcampbell@uaeu.ac.ae,Mark A. Campbell,College of Medicine and Health Sciences
michael.tunzi@uaeu.ac.ae,Michael Tunzi,College of Medicine and Health Sciences
nabttabashir@uaeu.ac.ae,Nabtta Bashir,College of Medicine and Health Sciences
samuelm@uaeu.ac.ae,Samuel Malachi Anderson-Mccoy,College of Medicine and Health Sciences
ramadi.b@uaeu.ac.ae,Basel Ramadi,College of Medicine and Health Sciences
g_khan@uaeu.ac.ae,Gulfaraz Khan,College of Medicine and Health Sciences
tarizvi@uaeu.ac.ae,Tahir A. Rizvi,College of Medicine and Health Sciences
mshamsi@uaeu.ac.ae,Mariam B. Bakhit Al Shamisi,College of Medicine and Health Sciences
ahmedq@uaeu.ac.ae,Ahmed H. Al Qahtani,College of Medicine and Health Sciences
mushtaq.khan@uaeu.ac.ae,Mushtaq Khan,College of Medicine and Health Sciences
f.almarzooq@uaeu.ac.ae,Farah Ibrahim Al-Marzooq,College of Medicine and Health Sciences
rasbi@uaeu.ac.ae,Zakeya N. AL Rasbi,College of Medicine and Health Sciences
habali@uaeu.ac.ae,Habiba Ali,College of Medicine and Health Sciences
ayesha_aldhaheri@uaeu.ac.ae,Ayesha Salem Aldhaheri,College of Medicine and Health Sciences
wibrahim@uaeu.ac.ae,Wissam Ibrahim,College of Medicine and Health Sciences
lily.stojanovska@uaeu.ac.ae,Liliana Stonjanovska,College of Medicine and Health Sciences
platatcarine@uaeu.ac.ae,Carine Platat,College of Medicine and Health Sciences
amita.attlee@uaeu.ac.ae,Amita Attlee,College of Medicine and Health Sciences
naser.ibrahim@uaeu.ac.ae,Naser Ibrahim,College of Medicine and Health Sciences
amjadj@uaeu.ac.ae,Amjad Jarrar,College of Medicine and Health Sciences
j.idriss@uaeu.ac.ae,Johaina Tawfiq Idriss,College of Medicine and Health Sciences
mpadayachee@uaeu.ac.ae,Morgambal Padayachee,College of Medicine and Health Sciences
rubsab@uaeu.ac.ae,Rubina Sabir,College of Medicine and Health Sciences
salma.alhebshi@uaeu.ac.ae,Salma Al Hebshi,College of Medicine and Health Sciences
m.bataineh@uaeu.ac.ae,Moath Bataineh,College of Medicine and Health Sciences
r.samuel@uaeu.ac.ae,Rita Samuel,College of Medicine and Health Sciences
a.alneyadi@uaeu.ac.ae,Aysha Mohammed Al Neyadi,College of Medicine and Health Sciences
aisha.alshamsi@uaeu.ac.ae,Aisha Al Shamsi,College of Medicine and Health Sciences
sawar@uaeu.ac.ae,Shamsa A. Al Awar,College of Medicine and Health Sciences
helbiss@uaeu.ac.ae,Hassan M. Elbiss,College of Medicine and Health Sciences
kzareba@uaeu.ac.ae,Kornelia Zareba,College of Medicine and Health Sciences
hkhair@uaeu.ac.ae,Howaida Khair,College of Medicine and Health Sciences
tucenic@uaeu.ac.ae,Teodora-Elena Ucenic,College of Medicine and Health Sciences
suhaila@uaeu.ac.ae,Suhail N. Abdullah,College of Medicine and Health Sciences
alia.albawardi@uaeu.ac.ae,Alia S. Al Bawardi,College of Medicine and Health Sciences
saeeda.almarzooqi@uaeu.ac.ae,Saeeda S. Al Marzooqi,College of Medicine and Health Sciences
alsuwaidia@uaeu.ac.ae,Ahmed R. Al Suwaidi,College of Medicine and Health Sciences
asouid@uaeu.ac.ae,Abdul Kader Souid,College of Medicine and Health Sciences
e.aburawi@uaeu.ac.ae,Elhadi H. Aburawi,College of Medicine and Health Sciences
hassib.narchi@uaeu.ac.ae,Hassib H. Narchi,College of Medicine and Health Sciences
mharjacek@uaeu.ac.ae,Miroslav Hrajacek,College of Medicine and Health Sciences
fatimaald@uaeu.ac.e@uaeu.ac.ae,Fatima A. AlDhaheri,College of Medicine and Health Sciences
fatima.ismail@uaeu.ac.ae,Fatima Y. Ismail,College of Medicine and Health Sciences
najla.aljaberi@uaeu.ac.ae,Najla Aljaberi,College of Medicine and Health Sciences
lolwa.mukini@uaeu.ac.ae,Lolowa Mukini,College of Medicine and Health Sciences
junugeorge@uaeu.ac.ae,Junu George,College of Medicine and Health Sciences
samir.attoub@uaeu.ac.ae,Samir Attoub,College of Medicine and Health Sciences
bassem.sadek@uaeu.ac.ae,Bassem S. Sadek,College of Medicine and Health Sciences
saburuz@uaeu.ac.ae,Salahdein Aburuz,College of Medicine and Health Sciences
aakour@uaeu.ac.ae,Amal Akour,College of Medicine and Health Sciences
shreeshojha@uaeu.ac.ae,Shreesh K. Ojha,College of Medicine and Health Sciences
rbeiram@uaeu.ac.ae,Rami A. Beiram,College of Medicine and Health Sciences
sham.zain@uaeu.ac.ae,Cham Zain AlAbdin,College of Medicine and Health Sciences
milos@uaeu.ac.ae,Milos Ljubisavljevic,College of Medicine and Health Sciences
anemmar@uaeu.ac.ae,Abderrahim Nemmar,College of Medicine and Health Sciences
a.shmygol@uaeu.ac.ae,Anatoliy Shmygol,College of Medicine and Health Sciences
chris.howarth@uaeu.ac.ae,Frank C. Howarth,College of Medicine and Health Sciences
mauro@uaeu.ac.ae,Mauro Pessia,College of Medicine and Health Sciences
sandeep.bs@uaeu.ac.ae,Sandeep B. Subramanya,College of Medicine and Health Sciences
abdullakazim@uaeu.ac.ae,Abdulla S. Kazim,College of Medicine and Health Sciences
stipe@uaeu.ac.ae,Emmanuel Stip,College of Medicine and Health Sciences
danilo.arnone@uaeu.ac.ae,Danilo Arnone,College of Medicine and Health Sciences
kabdelaziz@uaeu.ac.ae,Karim Abdel Aziz,College of Medicine and Health Sciences
lina.amiri@uaeu.ac.ae,Leena M. Amiri,College of Medicine and Health Sciences
sjavaid@uaeu.ac.ae,Syed Javaid,College of Medicine and Health Sciences
klausg@uaeu.ac.ae,Klaus F. Neidl,College of Medicine and Health Sciences
kmdas@uaeu.ac.ae,Karuna M Das,College of Medicine and Health Sciences
e.a.statsenko@uaeu.ac.ae,Yauhen Statsenko,College of Medicine and Health Sciences
taleb.almansoor@uaeu.ac.ae,Taleb al Mansoori,College of Medicine and Health Sciences
dimitrios_n@uaeu.ac.ae,Dimitrios Ntelitheos,College of Medicine and Health Sciences
alexandramarquis@uaeu.ac.ae,Alexandra Marquis,College of Medicine and Health Sciences
msafi@uaeu.ac.ae,Mohammed Safi,College of Medicine and Health Sciences
marta.szreder@uaeu.ac.ae,Marta Szreder,College of Medicine and Health Sciences
z.alfardan@uaeu.ac.ae,Zuhair A. Alfardan,College of Medicine and Health Sciences
fayezh@uaeu.ac.ae,Fayez T. Hammad,College of Medicine and Health Sciences
loay_lubbad@uaeu.ac.ae,Loay Lubbad,College of Medicine and Health Sciences
f.branicki@uaeu.ac.ae,Frank J. Branicki,College of Medicine and Health Sciences
tahra@uaeu.ac.ae,Tahra A. Al Mahmoud,College of Medicine and Health Sciences
ajawas@uaeu.ac.ae,Ali M. Jawas,College of Medicine and Health Sciences
elnikety@uaeu.ac.ae,Sherif Elnikety,College of Medicine and Health Sciences
hmousa@uaeu.ac.ae,Hussam Mousa,College of Medicine and Health Sciences
sbahri@uaeu.ac.ae,Shadi Al Bahri,College of Medicine and Health Sciences
m.al-ali@uaeu.ac.ae,Mohamed A. Al Ali,College of Medicine and Health Sciences
kh.alawadhi@uaeu.ac.ae,Khaled A. Alawadhi,College of Medicine and Health Sciences
